x1,x2,x3,x4,x5,x6,x7,x8,x9,x10,x11,x12,x13,x14,x15,x16,x17,x18,y
2.63,58960,57595,57775,56015,7864,1737.46,34.09,18794.8,2126.4,1941.7,423475,3.42,4.46,494.29,2.71,6.35,1.37,54960
2.66,57595,57775,56015,57365,7654.7,1779.54,34.51,18253,2116.47,1932.15,411505,3.4,4.2,499.35,2.7,6.35,1.37,55205
2.55,57775,56015,57365,58135,7625.9,1753.61,33.28,17876.4,2108.35,1931.6,401500,3.4,4.2,508.3,2.7,6.35,1.35,55935
2.51,56015,57365,58135,55970,7248.95,1689.11,31.79,17287.8,2017.1,1910.55,396255,3.4,4.2,521.86,2.7,6.36,1.34,56000
2.56,57365,58135,55970,54960,7684.15,1733.17,32.4,17230.05,2073.6,2018.05,388955,3.24,4.16,518.34,2.7,6.35,1.34,58151.67
2.6,58135,55970,54960,55205,7798.95,1722.21,32.22,18360.5,2086.2,2014.1,388505,3,4.1,510.21,2.7,6.34,1.34,59508.33
2.53,55970,54960,55205,55935,7373.15,1608.02,29.92,18121.4,1986.45,1880.95,382815,3,4.1,517.12,2.7,6.34,1.3,59320
2.6,54960,55205,55935,56000,7448.15,1607.29,29.15,18657.2,1981.45,1840.8,372070,3,4.1,519.82,2.69,6.33,1.3,59950
2.67,55205,55935,56000,58151.67,7505.75,1572.42,28.06,18228.2,1987.8,1814.1,371370,3,4.1,520.46,2.7,6.31,1.3,59370
2.74,55935,56000,58151.67,59508.33,7617.33,1604.16,28.93,18793.4,2036.2,1843.45,369697.5,2.9,4.5,512.32,2.69,6.3,1.29,59340
2.75,56000,58151.67,59508.33,59320,7794.9,1634.32,29.76,19439.8,2121.15,1926.15,362320,2.9,4.5,505.98,2.69,6.31,1.28,59780
2.79,58151.67,59508.33,59320,59950,8210.75,1655.3,30.66,19767,2173.25,1989.05,352090,2.9,4.5,495.2,2.69,6.32,1.28,59430
2.84,59508.33,59320,59950,59370,8431.3,1701.86,32.93,20977,2220.6,2125.95,340215,2.9,4.5,488.33,2.69,6.31,1.31,59895
2.89,59320,59950,59370,59340,8398.45,1738.9,33.64,20982.2,2208.6,2105.1,329605,2.9,3.72,484.84,2.69,6.3,1.31,59540
2.97,59950,59370,59340,59780,8536.45,1729.24,33.8,21348,2213.8,2106.75,317170,2.9,3.2,478.85,2.69,6.29,1.32,59455
3.01,59370,59340,59780,59430,8320.65,1724.05,33.47,19971,2147.9,1989.9,311570,2.9,3.2,482.85,2.68,6.29,1.31,59131
3.09,59340,59780,59430,59895,8410.95,1764.12,34.54,19968.6,2220.7,2022.75,305080,2.9,3.2,481.14,2.68,6.3,1.33,58530
3.21,59780,59430,59895,59540,8570.75,1735.49,35.42,19543.4,2291.15,2093.05,295400,2.82,3.36,479.67,2.68,6.3,1.33,57130
3.28,59430,59895,59540,59455,8382.75,1695.53,33.68,18872.25,2192.15,2026.6,281270,2.7,3.6,487.18,2.67,6.31,1.32,57772
3.34,59895,59540,59455,59131,8519.65,1666.64,32.8,19230.9,2202.65,2076.32,269825,2.7,3.6,483.8,2.67,6.32,1.31,58348
3.36,59540,59455,59131,58530,8456.1,1650.27,32.18,18626.8,2174.2,2015.6,258470,2.7,3.6,485.42,2.67,6.3,1.32,57818
3.39,59455,59131,58530,57130,8472.5,1672.27,32.37,17620.2,2121.7,2003.7,255925,2.7,3.6,486.8,2.67,6.29,1.33,56221
3.36,59131,58530,57130,57772,8465.6,1642.13,32.07,18182.8,2071.2,1999.87,261726.67,2.3,3.4,483.16,2.67,6.29,1.32,56257
3.31,58530,57130,57772,58348,8122.6,1657.72,31.7,18238.9,2045.12,2003.73,266643.33,2.3,3.4,484.91,2.66,6.29,1.31,56019
3.2,57130,57772,58348,57818,8137.1,1646.14,31.59,17602.6,2031.4,1991.25,261555,2.3,3.4,486.71,2.65,6.29,1.31,54677
3.18,57772,58348,57818,56221,8340.8,1647.83,30.91,17692.6,2040.7,2002.85,255860,2.3,3.4,485.98,2.65,6.29,1.32,55026
3.07,58348,57818,56221,56257,8401.7,1651.81,30.59,17474.8,2059.2,2016.35,237575,1.82,3.08,483.37,2.64,6.28,1.32,55664
3,57818,56221,56257,56019,8178.1,1601.17,29.3,17223.6,2011.12,1961.52,224007.5,1.7,3,485.79,2.65,6.29,1.3,54952
2.92,56221,56257,56019,54677,7757.9,1561.44,27.94,16919,2000.45,1909.25,217725,1.7,3,499.74,2.67,6.32,1.27,56115
2.9,56257,56019,54677,55026,7698.3,1570.51,28.23,16930.2,1983.4,1890.3,224325,1.7,3,507.81,2.68,6.32,1.26,55613
2.81,56019,54677,55026,55664,7536.5,1575.09,28.05,16363.6,1964,1890.15,227500,1.7,2.84,515.5,2.7,6.33,1.24,56125
2.68,54677,55026,55664,54952,7391.4,1607.64,28.64,16294.6,1943.3,1878.8,230450,1.7,2.2,509.1,2.69,6.32,1.25,54968
2.67,55026,55664,54952,56115,7413.95,1614.69,28.71,16929.9,1920.25,1892.35,242540,1.7,2.2,500.82,2.68,6.37,1.26,55100
2.6,55664,54952,56115,55613,7458.75,1597.63,27.78,16734.3,1859.3,1852.55,251255,1.7,2.2,500.02,2.65,6.36,1.26,55369
2.63,54952,56115,55613,56125,7444.7,1576.45,27.06,16340.8,1829.95,1803.1,254915,1.7,2.2,506.14,2.66,6.36,1.25,55228
2.71,56115,55613,56125,54968,7682.85,1603.17,27.71,16735.8,1903.05,1871.3,254435,1.4,1.8,497.8,2.65,6.36,1.25,55881
2.78,55613,56125,54968,55100,7576.15,1578.11,27.14,16044.4,1872.85,1849.05,252405,1.4,1.8,492.5,2.63,6.37,1.22,55945
2.89,56125,54968,55100,55369,7640.05,1581.88,27.26,16033.6,1888.55,1863.85,252775,1.4,1.8,487.34,2.62,6.37,1.23,56481
2.84,54968,55100,55369,55228,7454.6,1600.06,27.29,15750.4,1847.5,1808.75,251125,1.4,1.8,488.84,2.63,6.39,1.22,58765
2.87,55100,55369,55228,55881,7453.35,1604.91,27.66,15647.8,1834.9,1825.55,247610,1.58,1.92,482.56,2.62,6.37,1.23,59965
2.98,55369,55228,55881,55945,7527.55,1614.14,28.03,15580.4,1859.55,1844.95,244290,1.7,2,476.48,2.62,6.36,1.24,59160
3.04,55228,55881,55945,56481,7427.35,1607.92,27.92,15396,1810.55,1782.4,236570,1.7,2,482.48,2.61,6.36,1.23,59152.5
3.08,55881,55945,56481,58765,7590.95,1649.13,29.83,16024,1848.99,1814.8,235105,1.7,2,482.22,2.61,6.35,1.25,59121
3.09,55945,56481,58765,59965,7586.02,1666.09,30.87,16111.65,1878.32,1832.1,232635,1.7,2,480.18,2.61,6.35,1.25,58743
2.97,56481,58765,59965,59160,7737.75,1703.22,32.6,16108.4,1954.5,1880.7,217660,2,1.9,479.47,2.61,6.34,1.26,57459
3.01,58765,59965,59160,59152.5,8126.47,1744.54,33.84,16907,2101.18,2011.55,215705,2,1.9,473.2,2.61,6.33,1.29,52508
2.9,59965,59160,59152.5,59121,8294.6,1768.32,34.53,17934.55,2132.2,2080.25,216605,2,1.9,469.8,2.6,6.31,1.3,55964
3.01,59160,59152.5,59121,58743,8192.15,1765.18,34.13,18201.9,2068.6,2066.9,220050,2,1.9,471.88,2.6,6.3,1.29,55616
2.9,59152.5,59121,58743,57459,8300.4,1779.67,34.64,18479,2084.55,2052.6,223435,2.2,1.7,472.56,2.6,6.31,1.29,56040
2.93,59121,58743,57459,52508,8171.95,1764.47,33.83,17633.8,2003.75,1945.81,219557.5,2.2,1.7,473.84,2.59,6.29,1.29,56197
2.78,58743,57459,52508,55964,8132.3,1738.87,32.72,17026.1,1952.5,1868.55,218700,2.2,1.7,471.81,2.58,6.25,1.3,57137
2.65,57459,52508,55964,55616,7844.75,1711.26,31.97,16231.3,1915.2,1805.65,221175,2.2,1.7,479.36,2.58,6.25,1.3,57357
2.66,52508,55964,55616,56040,7733.3,1705.74,31.77,16041.4,1889.2,1822.65,240665,2.04,1.82,480.85,2.6,6.24,1.29,56990
2.64,55964,55616,56040,56197,7626.2,1715.95,31.96,15969,1894.25,1863.3,245085,1.8,2,479.84,2.61,6.25,1.28,56580
2.68,55616,56040,56197,57137,7633.3,1721.57,32.48,15984.3,1948.05,1912.45,252535,1.8,2,482.78,2.6,6.23,1.27,57222.5
2.74,56040,56197,57137,57357,7739.75,1733.18,33.38,16532,1941.5,1912.55,252510,1.8,2,478.82,2.6,6.23,1.29,57657
2.74,56197,57137,57357,56990,7832.8,1730.02,33.9,16954.9,2027.65,1989.2,249325,1.8,2,480.26,2.58,6.23,1.3,57563
2.65,57137,57357,56990,56580,8008.65,1702.05,33.08,17335.9,2098.65,2006.8,251645,1.7,2.5,479.03,2.58,6.23,1.3,57922
2.62,57357,56990,56580,57222.5,8076.8,1705.29,32.89,17705.1,2129.15,2059.38,266530,1.7,2.5,474.61,2.57,6.25,1.31,58317
2.72,56990,56580,57222.5,57657,7896.4,1668.04,30.96,17545.6,2070.4,2050.85,305670,1.7,2.5,474.65,2.56,6.23,1.32,58928
2.79,56580,57222.5,57657,57563,7845.5,1659.01,29.97,17208,2040.45,2049,317750,1.7,2.5,478.9,2.55,6.23,1.32,58822.5
2.78,57222.5,57657,57563,57922,8065.45,1671.13,30.39,17340.6,2072.42,2060.8,320210,1.62,2.1,475.22,2.55,6.23,1.31,57930
2.78,57657,57563,57922,58317,8046,1660.16,30.42,17352.5,2048.82,1992.85,326570,1.6,2,470.92,2.55,6.22,1.32,56986
2.75,57563,57922,58317,58928,7981.85,1679.47,31.47,17399.1,2011.3,1980.35,340715,1.6,2,473.3,2.54,6.22,1.33,56433
2.84,57922,58317,58928,58822.5,8052.95,1678.62,31.83,17357.8,2026.75,2051.45,344130,1.6,2,470.53,2.55,6.22,1.34,56757
3.01,58317,58928,58822.5,57930,8131.55,1665.06,31.49,18100.5,2048.75,2109.6,366385,1.68,2.24,471.35,2.57,6.22,1.36,55769
3.03,58928,58822.5,57930,56986,8226.25,1672.42,31.64,18382.7,2069.23,2155.15,386895,2,3.2,472.3,2.58,6.23,1.35,55765
3.07,58822.5,57930,56986,56433,8186.35,1637.2,30.58,18239.1,2096.75,2166.2,399870,2,3.2,470.94,2.57,6.23,1.34,54696
3.09,57930,56986,56433,56757,7926.4,1587.07,29.03,17140.3,2049.15,2104.85,414620,2,3.2,472.49,2.58,6.24,1.33,55284
3.03,56986,56433,56757,55769,7788.4,1591.64,28.87,16594.1,1968.1,2056.9,443785,1.9,2.98,473.09,2.59,6.23,1.31,52404
3.14,56433,56757,55769,55765,7707.65,1577.9,28.81,16555.2,1926.2,1967.9,479955,1.5,2.1,472.58,2.6,6.22,1.3,51010
3.15,56757,55769,55765,54696,7756.15,1588.55,28.9,16933.9,1926.78,1943.05,520005,1.5,2.1,471.13,2.59,6.21,1.3,51246
3.08,55769,55765,54696,55284,7558.05,1608.75,28.87,16732.5,1899.4,1900.2,552340,1.5,2.1,472.16,2.59,6.21,1.29,53484
3.1,55765,54696,55284,52404,7550.05,1599.26,28.58,16695.67,1879.78,1875.73,567915,1.5,2.1,471.9,2.59,6.21,1.28,53468
2.96,54696,55284,52404,51010,7408.4,1573.67,27.27,16128.63,1851.22,1835.92,574580,1.1,2.4,470.84,2.58,6.2,1.29,53853
2.87,55284,52404,51010,51246,7504.08,1551.08,27.24,16014.2,1858.9,1868.07,587740,1.1,2.4,467.64,2.58,6.2,1.31,53488
2.76,52404,51010,51246,53484,7100.85,1378.58,23.12,15438.5,1865.2,1847.8,611665,1.1,2.4,474.05,2.58,6.18,1.31,53802
2.78,51010,51246,53484,53468,6979.25,1439.18,23.52,15192.1,1874.2,1867.25,618625,1.1,2.4,474.76,2.61,6.17,1.3,52862
2.79,51246,53484,53468,53853,6993.05,1468.21,24.03,15052.95,1820,1829.95,615850,1.28,2.22,471.26,2.64,6.16,1.31,51362
2.86,53484,53468,53853,53488,7312.15,1459.68,23.87,15220.68,1855.33,1842.23,605415,1.4,2.1,470.96,2.61,6.15,1.31,46208
2.86,53468,53853,53488,53802,7259.85,1398.45,22.89,14930.1,1823.95,1809.4,621455,1.4,2.1,478.15,2.62,6.15,1.29,50298
2.85,53853,53488,53802,52862,7338.1,1382.99,22.48,14952.1,1825.7,1827.25,624975,1.4,2.1,486.13,2.66,6.13,1.29,50119
2.82,53488,53802,52862,51362,7274.1,1393.61,22.45,14758.3,1842.18,1857.2,614672.5,1.4,2.1,491.99,2.69,6.13,1.29,50608
2.83,53802,52862,51362,46208,7330.8,1401.39,22.36,15091.1,1918.75,1909.35,612770,1.8,2.7,501.42,2.73,6.13,1.31,51165
2.85,52862,51362,46208,50298,7064.2,1385.24,21.8,14343.4,1835.27,1825,610835,1.8,2.7,498.26,2.74,6.13,1.33,50355
2.84,51362,46208,50298,50119,6893.35,1333.9,20.88,14010.5,1775.96,1812.85,641585,1.8,2.7,503.41,2.76,6.13,1.33,51312
2.74,46208,50298,50119,50608,6712.6,1243.27,19.13,13676.1,1728.17,1808.85,671475,1.8,2.7,507.13,2.78,6.14,1.3,52734
2.83,50298,50119,50608,51165,6926.3,1242.95,19.41,13726,1765.65,1838.85,661075,2,2.7,504.16,2.78,6.13,1.3,53212
2.99,50119,50608,51165,50355,6859.05,1263.32,19.52,13490.35,1773.9,1856,647735,2,2.7,507.17,2.77,6.13,1.3,53180
3.11,50608,51165,50355,51312,6907.8,1285.75,19.59,13811,1766.2,1835.2,639965,2,2.7,500.36,2.76,6.14,1.31,52606
3.05,51165,50355,51312,52734,6984.9,1333.76,20.24,14048.1,1787.5,1841,627700,2,2.7,503.63,2.78,6.14,1.32,52392
3.02,50355,51312,52734,53212,6888.45,1317.95,19.73,13726.4,1753.2,1810.95,612905,1.8,2.66,513.12,2.79,6.13,1.33,52087
2.9,51312,52734,53212,53180,7069.25,1299.51,19.82,14045.2,1773.15,1844.65,601140,1.5,2.6,511.37,2.79,6.12,1.33,52450
2.95,52734,53212,53180,52606,7285.45,1345.24,22.15,14745.9,1855.02,1922.95,587880,1.5,2.6,509.18,2.79,6.12,1.33,52716.67
2.95,53212,53180,52606,52392,7279.85,1374.46,23.2,14516.8,1852.57,1941.85,569325,1.5,2.6,514.28,2.81,6.12,1.34,52504.33
3.03,53180,52606,52392,52087,7213.75,1408.46,24.07,14117.1,1809.61,1915.97,577427.5,1.5,2.6,511.88,2.81,6.12,1.33,52434
2.86,52606,52392,52087,52450,7147.85,1390.35,23.74,13692.2,1765.16,1852.4,600010,1.2,3.1,508.69,2.8,6.12,1.32,52179
2.76,52392,52087,52450,52716.67,7095.18,1352.63,22.71,13757.15,1754.6,1837.1,585130,1.2,3.1,504.47,2.78,6.12,1.33,51886
2.7,52087,52450,52716.67,52504.33,7165.35,1334.62,22.18,13942.6,1748.55,1836.05,570410,1.2,3.1,502.62,2.75,6.12,1.34,51723
2.67,52450,52716.67,52504.33,52434,7202.5,1327.14,21.67,13796.9,1769.5,1855,548445,1.2,3.1,500.05,2.76,6.12,1.35,51278
2.63,52716.67,52504.33,52434,52179,7220.15,1311.24,21.43,13731.2,1790.02,1847.6,531820,1.04,3.02,501.84,2.77,6.12,1.36,50655
2.65,52504.33,52434,52179,51886,7159.9,1300.86,21.86,13765.4,1821.93,1853.15,515575,1,3,498.97,2.78,6.12,1.35,50964
2.67,52434,52179,51886,51723,7222.3,1294.28,21.49,14007.9,1807.9,1891.8,502515,1,3,496.34,2.76,6.1,1.36,50804
2.6,52179,51886,51723,51278,7207,1337.03,22.51,14515.9,1814.5,1909.25,488505,1,3,503.01,2.76,6.09,1.38,51263
2.61,51886,51723,51278,50655,7229.85,1335.21,22.24,14566.2,1829.65,1925.05,476690,1.04,2.96,508.6,2.76,6.09,1.37,51259
2.53,51723,51278,50655,50964,7144.2,1307.81,21.64,14083.2,1774.4,1878.4,469250,1.2,2.8,515.73,2.79,6.09,1.35,51781
2.63,51278,50655,50964,50804,7051.3,1281.73,20.84,13636.25,1751.1,1857.75,457430,1.2,2.8,520.22,2.8,6.09,1.35,52219
2.69,50655,50964,50804,51263,7006.2,1255.78,20.08,13477.9,1739.45,1864.4,444705,1.2,2.8,520.47,2.8,6.09,1.35,52069
2.69,50964,50804,51263,51259,7047.75,1244.94,19.86,13372.5,1716.65,1857.15,431455,1.2,2.8,526.23,2.8,6.09,1.36,52032
2.71,50804,51263,51259,51781,7039.45,1227.88,19.35,13565.8,1713.35,1870.45,414815,1.5,2.5,530.95,2.8,6.09,1.36,51592
2.66,51263,51259,51781,52219,7208.55,1243.44,19.93,13947.2,1756.72,1953.15,399255,1.5,2.5,530.17,2.78,6.07,1.38,50813.83
2.7,51259,51781,52219,52069,7269.6,1216.12,19.64,14111.6,1744.27,1996.35,385430,1.5,2.5,528.35,2.76,6.07,1.37,50911.67
2.81,51781,52219,52069,52032,7327.7,1205.84,19.65,14142.6,1734.3,2084.75,372990,1.5,2.5,527.25,2.78,6.07,1.37,50682
2.73,52219,52069,52032,51592,7377.97,1213.41,19.71,13901.5,1754.63,2075.3,364942.5,1.56,2.5,526.95,2.79,6.05,1.37,50672
2.66,52069,52032,51592,50813.83,7326.3,1234.18,19.83,13501.7,1726.15,2029.1,350600,1.6,2.5,531.87,2.8,6.05,1.36,49468
2.62,52032,51592,50813.83,50911.67,7351.85,1246.96,20.23,14444.4,1745.53,2074.5,337480,1.6,2.5,531.31,2.8,6.05,1.36,48908
2.65,51592,50813.83,50911.67,50682,7306.4,1252.7,19.97,14595.8,1738.58,2057.05,329595,1.6,2.5,545.15,2.81,6.05,1.36,45170
2.64,50813.83,50911.67,50682,50672,7150.7,1253.48,19.45,13958.1,1693.3,1979.75,319500,1.6,2.5,549.59,2.82,6.06,1.36,45252
2.66,50911.67,50682,50672,49468,7121.7,1258.77,19.71,13873.9,1656.76,1984.2,311130,1.1,2,556.12,2.82,6.06,1.35,46099
2.76,50682,50672,49468,48908,7152.95,1295.5,20.47,14191.4,1683.52,2017.75,302415,1.1,2,550.55,2.81,6.06,1.36,47081
2.83,50672,49468,48908,45170,7214.5,1321.67,21.73,14379.8,1718.45,2058.35,290950,1.1,2,551.39,2.8,6.08,1.37,47490
2.8,49468,48908,45170,45252,7107.7,1332.55,21.48,14369.1,1721.93,2077.8,277720,1.1,2,557.93,2.8,6.12,1.37,47877
2.97,48908,45170,45252,46099,7006.8,1342.16,21.2,15152.1,1721.1,2117.85,272755,1.5,2.4,561.71,2.8,6.13,1.38,48513
2.95,45170,45252,46099,47081,6522.8,1360.42,21.09,15599,1710.4,2005.35,256615,1.5,2.4,572.41,2.8,6.14,1.39,50021
2.89,45252,46099,47081,47490,6500.55,1342.22,20.6,16035.9,1683.42,1956.05,265680,1.5,2.4,567.18,2.81,6.2,1.38,49373
2.91,46099,47081,47490,47877,6570,1301.66,19.8,15888.9,1698.77,1959.9,267200,1.5,2.4,555.74,2.81,6.21,1.38,50362
2.9,47081,47490,47877,48513,6650.65,1287.58,19.81,16119.3,1774.2,1975.3,261535,1.9,1.92,553.06,2.81,6.21,1.38,50189
2.99,47490,47877,48513,50021,6658.05,1310.32,19.91,16758.6,1820,2013.7,251260,2,1.8,547.52,2.78,6.21,1.38,50231
3.05,47877,48513,50021,49373,6633.22,1303.94,19.68,17808.93,1832.78,2046.25,242900,2,1.8,555.07,2.77,6.22,1.38,50027.5
3.09,48513,50021,49373,50362,6720.48,1290.56,19.51,18298.87,1838.42,2060.85,240770,2,1.8,560.4,2.79,6.24,1.38,48828
3,50021,49373,50362,50189,6717.15,1293.28,19.29,18214.1,1759.95,2043.2,233240,2.04,2.08,562.65,2.8,6.26,1.39,49260
2.9,49373,50362,50189,50231,6752.55,1296.74,19.34,18958.55,1728.72,2035.53,218267.5,2.1,2.5,561.34,2.79,6.23,1.39,50533
2.95,50362,50189,50231,50027.5,6930.1,1296.51,19.5,19900.9,1741.2,2066.3,196675,2.1,2.5,551.06,2.78,6.23,1.37,51712
2.99,50189,50231,50027.5,48828,6961.4,1292.88,19.4,19679.2,1742.7,2074.2,179360,2.1,2.5,551.46,2.79,6.24,1.37,51584
3.01,50231,50027.5,48828,49260,6994.75,1263.36,19.04,19296.6,1797.62,2072.65,173285,2.1,2.5,551.51,2.77,6.24,1.36,50850
2.95,50027.5,48828,49260,50533,6854.4,1247.44,18.86,19012.6,1826.85,2091.7,168765,2.1,2.3,550.48,2.78,6.25,1.36,50304
3.02,48828,49260,50533,51712,6692.9,1264.36,19.3,18325.4,1837.2,2098.65,166050,2.1,2.3,553.44,2.79,6.23,1.35,50604
3.1,49260,50533,51712,51584,6746.1,1290.57,20.18,18610,1829.6,2126.85,160710,2.1,2.3,556.59,2.8,6.23,1.36,50484
3.1,50533,51712,51584,50850,6947.2,1317.26,20.94,18499.2,1858.6,2177.95,156855,2.1,2.3,550.65,2.8,6.23,1.36,49931
3.03,51712,51584,50850,50304,7113.3,1323.61,21.07,19337.7,1881.6,2219.9,155940,2.02,2.3,550.29,2.79,6.21,1.37,50176
2.95,51584,50850,50304,50604,7151.7,1327.76,21.18,19376.2,1907.35,2279.7,158610,2,2.3,552.33,2.78,6.2,1.36,50875
2.89,50850,50304,50604,50484,7074.45,1305.63,20.84,19091.2,1951.1,2293.4,158845,2,2.3,560.07,2.78,6.21,1.35,50462
2.87,50304,50604,50484,49931,7084.7,1304.86,20.75,18998.8,2002.55,2367.25,155675,2,2.3,563.69,2.78,6.2,1.35,49938
2.82,50604,50484,49931,50176,7123.3,1294.51,20.47,18597.9,1983.45,2380.05,148250,1.94,2.24,568.78,2.79,6.18,1.34,49515
2.74,50484,49931,50176,50875,7041.1,1300.71,19.94,18544.5,2012.6,2347.85,144415,1.7,2,575.14,2.8,6.17,1.34,48706
2.72,49931,50176,50875,50462,6924.55,1309.13,19.81,18576.9,2008.47,2283.1,141210,1.7,2,575.97,2.79,6.15,1.34,48759
2.71,50176,50875,50462,49938,7002.6,1288.03,19.45,18630.9,2042.8,2326.75,144915,1.7,2,581.11,2.81,6.14,1.33,48625.5
2.76,50875,50462,49938,49515,7038.65,1282.96,19.41,18734.9,2078.58,2351.6,147290,1.7,2,587.61,2.83,6.14,1.32,48424
2.6,50462,49938,49515,48706,6963.45,1270.05,19.2,18988.7,2076.2,2374.15,152015,1.7,1.6,589.36,2.85,6.14,1.3,47875
2.54,49938,49515,48706,48759,6895.45,1245.48,18.86,18795.5,2022.65,2297.55,155435,1.7,1.6,589.94,2.85,6.13,1.29,48236
2.57,49515,48706,48759,48625.5,6911.35,1226.13,18.43,17898.1,1958.15,2258.8,155450,1.7,1.6,595.3,2.86,6.14,1.29,48135
2.65,48706,48759,48625.5,48424,6766,1218.81,17.65,17100.7,1929.15,2252.85,154400,1.7,1.6,598.88,2.87,6.14,1.28,48068
2.48,48759,48625.5,48424,47875,6713.6,1208.48,17.09,16260.3,1898.25,2265.75,152170,1.7,1.6,597.74,2.89,6.14,1.26,48041
2.33,48625.5,48424,47875,48236,6725.65,1216.82,17.31,16573.9,1910.77,2312.1,149855,1.7,1.6,594.43,2.9,6.14,1.27,47788
2.21,48424,47875,48236,48135,6724.2,1237.21,17.37,15883.2,1914.45,2281.15,154620,1.7,1.6,588.07,2.9,6.12,1.28,46458
2.19,47875,48236,48135,48068,6705.35,1239.95,17.28,15139.6,1978.85,2238.7,157985,1.7,1.6,584.33,2.9,6.12,1.27,46874
2.19,48236,48135,48068,48041,6825.1,1207.36,16.8,15450,2021.9,2288.55,161700,1.7,1.6,578.56,2.91,6.11,1.26,46535
2.11,48135,48068,48041,47788,6746.25,1158.68,15.73,15393.9,2068.55,2248.2,160945,1.3,1.4,587.1,2.92,6.12,1.25,46483
2.07,48068,48041,47788,46458,6746.5,1165.61,15.78,15393.4,2047.87,2253.9,160815,1.3,1.4,592.08,2.93,6.12,1.25,46295
2.04,48041,47788,46458,46874,6750.55,1192.03,16.22,16063.6,2039.25,2253.2,160540,1.3,1.4,597.07,2.93,6.12,1.25,45679
1.99,47788,46458,46874,46535,6608.1,1190.13,16.26,16377.3,2066.55,2257.6,162685,1.3,1.4,600.36,2.91,6.14,1.25,42767
1.81,46458,46874,46535,46483,6494.6,1203.16,16.4,16565.7,1993.35,2222.05,164760,0.8,1.5,611.34,2.94,6.15,1.24,41756
1.66,46874,46535,46483,46295,6505.8,1221.93,16.9,16430.1,1936.83,2187.85,165955,0.8,1.5,614.83,2.96,6.18,1.24,40240
1.56,46535,46483,46295,45679,6418.1,1194.63,15.89,15794.2,1885.55,2139.25,170640,0.8,1.5,616.15,2.95,6.2,1.23,41199
1.53,46483,46295,45679,42767,6375.6,1179.29,15.78,15288,1839.5,2150.05,171295,0.8,1.5,608.1,2.97,6.22,1.22,41263
1.44,46295,45679,42767,41756,6360.5,1187.85,15.83,14942,1821.97,2170.68,175035,0.44,1.22,608.2,2.98,6.2,1.21,41863
1.35,45679,42767,41756,40240,6191.85,1213.17,16.39,15304.3,1781.1,2150.45,180515,-0.1,0.8,614.65,2.98,6.21,1.18,42162.5
1.31,42767,41756,40240,41199,5821.7,1246.98,17.03,14598.1,1791.52,2073.6,194370,-0.1,0.8,622.66,2.99,6.2,1.17,42585
1.33,41756,40240,41199,41263,5695.5,1292.09,18.07,14638.9,1842.95,2104.9,221360,-0.1,0.8,626.66,3.01,6.22,1.15,42293
1.36,40240,41199,41263,41863,5515,1279.43,17.61,14874.1,1845.2,2106.9,243065,-0.1,0.8,625.64,3.04,6.25,1.13,42275
1.54,41199,41263,41863,42162.5,5678.05,1260.27,17.15,15180.25,1863.8,2138.3,264285,0,1.4,626.19,3.06,6.25,1.14,43572
1.58,41263,41863,42162.5,42585,5681.75,1228.38,16.97,14758.2,1825.23,2126.75,290435,0,1.4,624.03,3.07,6.24,1.13,43575
1.61,41863,42162.5,42585,42293,5731.5,1212.02,16.57,14148.2,1795.15,2078.75,297100,0,1.4,619.2,3.08,6.25,1.14,43593
1.69,42162.5,42585,42293,42275,5825.8,1205.75,16.44,14208.7,1787.1,2047.25,296325,0,1.4,618.78,3.09,6.26,1.13,43589
1.91,42585,42293,42275,43572,5850.25,1195.05,16.19,13947.4,1782.4,2011.2,308830,-0.1,1.4,619.02,3.09,6.27,1.11,43714
1.82,42293,42275,43572,43575,5837.2,1158.77,15.62,14016.7,1750.45,1998.95,329850,-0.1,1.4,634.4,3.09,6.26,1.06,44420
1.77,42275,43572,43575,43593,5863.5,1164.73,15.98,13791.8,1778.05,2006.85,340955,-0.1,1.4,637.49,3.08,6.23,1.07,45950
1.82,43572,43575,43593,43589,6149.4,1195.9,16.96,13735.6,1779.45,2075.2,340520,-0.1,1.4,622.1,3.07,6.21,1.09,45979
1.79,43575,43593,43589,43714,6054.52,1195.21,16.75,12723.23,1782.28,2103.08,333216.67,-0.16,1.46,619.31,3.09,6.2,1.08,45579
1.8,43593,43589,43714,44420,6048.13,1205.43,16.59,12548.27,1773.57,2161.57,331613.33,-0.2,1.5,613.36,3.1,6.2,1.08,44620
1.89,43589,43714,44420,45950,6010.7,1198.89,16.25,12568.8,1813,2200.55,336475,-0.2,1.5,612.74,3.11,6.2,1.07,43740
1.95,43714,44420,45950,45979,5960.95,1191.63,15.88,12764.3,1825.05,2213.65,338250,-0.2,1.5,615.24,3.11,6.2,1.08,43480
2.02,44420,45950,45979,45579,6228.1,1196.05,16.35,13588.1,1890.55,2332.3,338470,-0.16,1.44,609.57,3.12,6.2,1.11,42456
2.02,45950,45979,45579,44620,6422.42,1188.77,16.44,14106.15,1901,2392.1,340320,0,1.2,609.53,3.14,6.21,1.12,42386
2.04,45979,45579,44620,43740,6409.2,1207.22,16.96,14050.7,1841.3,2325.25,338530,0,1.2,601.27,3.14,6.2,1.13,42739
2.04,45579,44620,43740,43480,6239.6,1210.74,17.22,13089.9,1748.25,2208.35,334540,0,1.2,603.7,3.14,6.2,1.11,41353
2.01,44620,43740,43480,42456,6081.9,1191.89,16.79,12680.25,1714.8,2185.75,326367.5,0,1.2,614.27,3.14,6.2,1.1,41129
2.03,43740,43480,42456,42386,5975.45,1182.89,16.44,13002.5,1711.25,2141.7,318060,0.1,1.4,627.43,3.14,6.2,1.11,40055
2.1,43480,42456,42386,42739,5935.05,1179.48,15.98,13357.8,1711.8,2124.25,312530,0.1,1.4,629.13,3.15,6.21,1.13,39308
2.1,42456,42386,42739,41353,5722.65,1190.71,16.09,12733.4,1664.8,2062.9,317545,0.1,1.4,632.64,3.15,6.21,1.13,38590
2.05,42386,42739,41353,41129,5724.35,1177.17,15.91,12593.3,1675.85,2029.9,312155,0.1,1.4,632.29,3.17,6.21,1.12,39225
2.03,42739,41353,41129,40055,5765.3,1171.07,15.67,11963.2,1671.7,2016.1,319850,0.16,1.52,637.66,3.17,6.2,1.11,39051
1.99,41353,41129,40055,39308,5522.1,1160.68,15.37,11169.25,1644.45,1985.5,327740,0.2,1.6,647.16,3.17,6.21,1.11,39134
1.91,41129,40055,39308,38590,5524.9,1148.11,15.16,11556.4,1668,2055.5,336940,0.2,1.6,643.04,3.17,6.21,1.09,39329
1.88,40055,39308,38590,39225,5346.4,1096.27,14.72,11468.7,1614.05,1999.05,340430,0.2,1.6,654.22,3.18,6.21,1.09,40399
1.82,39308,38590,39225,39051,5250.1,1093.59,14.7,11086.7,1605.8,1949.45,344740,0.2,1.6,668.53,3.18,6.21,1.1,40934
1.66,38590,39225,39051,39134,5190.35,1088.08,14.62,10770.7,1566.8,1880.9,349755,0.2,2,679.94,3.19,6.21,1.09,39478
1.71,39225,39051,39134,39329,5183.05,1113.22,15.34,10674.5,1558,1829.75,351895,0.2,2,681.54,3.21,6.34,1.11,38496.5
1.59,39051,39134,39329,40399,5065.1,1136.25,15.28,10366.8,1533.5,1784.05,353180,0.2,2,692.8,3.24,6.39,1.12,39264
1.45,39134,39329,40399,40934,5070.7,1135.63,14.52,9732,1534.2,1735.85,364490,0.2,2,699.52,3.29,6.4,1.14,39996
1.46,39329,40399,40934,39478,5145.98,1130.69,14.63,9869.6,1588.95,1800.78,363290,0.04,1.68,691.04,3.22,6.36,1.12,39339
1.39,40399,40934,39478,38496.5,5343.35,1112.97,14.63,10093,1607.05,1798.85,346335,0,1.6,689.42,3.21,6.37,1.12,39036
1.35,40934,39478,38496.5,39264,5351.25,1120.2,14.79,9929.3,1609.5,1712.95,336300,0,1.6,680.28,3.19,6.37,1.13,38572
1.39,39478,38496.5,39264,39996,5109.55,1137.3,14.98,9799.2,1574.9,1632.75,328260,0,1.6,696.75,3.2,6.38,1.12,37450
1.36,38496.5,39264,39996,39339,5073,1124.72,14.68,10012,1551.05,1651.8,322440,0.08,1.48,697.94,3.22,6.37,1.12,35234
1.41,39264,39996,39339,39036,5207.55,1144.16,15.8,10111.4,1558.7,1681.6,309725,0.2,1.3,679.36,3.21,6.35,1.13,34435
1.32,39996,39339,39036,38572,5312.3,1174.95,15.99,10515.85,1564.8,1797.9,297515,0.2,1.3,675.33,3.22,6.34,1.14,35126
1.28,39339,39036,38572,37450,5204.05,1168.34,15.8,10370.7,1484.6,1733.2,284915,0.2,1.3,687.05,3.24,6.35,1.12,35274
1.34,39036,38572,37450,35234,5182.65,1154.38,15.73,10394.4,1444.35,1707.45,272670,0.2,1.3,688.61,3.27,6.35,1.1,35832
1.39,38572,37450,35234,34435,5088.3,1110.43,15.1,9837.3,1483.15,1651.7,266565,0.5,1.5,692.78,3.29,6.34,1.09,36200
1.31,37450,35234,34435,35126,4906.6,1087.32,14.36,9482.4,1492.65,1602.55,259150,0.5,1.5,701.2,3.31,6.37,1.08,36363
1.27,35234,34435,35126,35274,4656.65,1076.63,14.19,8976.7,1450.65,1530.6,256680,0.5,1.5,712.1,3.34,6.38,1.07,36178
1.38,34435,35126,35274,35832,4588.2,1069.08,14.16,8756.9,1451.25,1556,247575,0.5,1.5,712.83,3.36,6.39,1.06,35046
1.32,35126,35274,35832,36200,4596.4,1066.94,14.17,8901.8,1469.85,1533.4,240695,0.66,1.58,703.87,3.36,6.4,1.07,34969
1.24,35274,35832,36200,36363,4604.5,1072.8,14.11,8632.7,1482.95,1517.3,233755,0.7,1.6,706.59,3.37,6.43,1.09,35236
1.25,35832,36200,36363,36178,4609.9,1061.94,13.87,8646.4,1490.25,1498.1,231985,0.7,1.6,706.49,3.36,6.47,1.09,35518
1.23,36200,36363,36178,35046,4699.15,1074.5,14.3,8662.27,1529.2,1527.97,233845,0.7,1.6,697.44,3.38,6.48,1.1,35742.5
1.26,36363,36178,35046,34969,4708.25,1064.33,13.88,8688.23,1512.28,1587.33,236547.5,0.84,1.64,708.11,3.4,6.49,1.09,35446
1.2,36178,35046,34969,35236,4576,1091.57,14,8503.8,1470.1,1524.6,236305,1.4,1.8,718.53,3.42,6.56,1.08,35813
1.07,35046,34969,35236,35518,4371,1088.01,13.9,8338.5,1467.35,1475.45,235690,1.4,1.8,729.21,3.42,6.58,1.09,36251
1.04,34969,35236,35518,35742.5,4406,1095.03,14.02,8604.65,1480.75,1496.25,236090,1.4,1.8,725.3,3.44,6.58,1.09,37161
1.06,35236,35518,35742.5,35446,4534.15,1117,14.32,8582.2,1506.2,1585.15,240030,1.4,1.8,715.92,3.46,6.58,1.09,37478
1.02,35518,35742.5,35446,35813,4617.8,1145.5,14.61,8378,1517.1,1685.05,235035,1,2.3,706.24,3.48,6.58,1.11,37766
0.96,35742.5,35446,35813,36251,4507.65,1211.68,15.45,7885.9,1489.7,1708.55,225500,1,2.3,710.78,3.5,6.57,1.13,37260
0.98,35446,35813,36251,37161,4584.4,1214.56,15.3,8367.7,1530.5,1686.55,212190,1,2.3,702.65,3.5,6.51,1.11,36565
1.01,35813,36251,37161,37478,4663.25,1223.52,15.09,8523.9,1574.75,1749.45,201625,1,2.3,692.32,3.52,6.53,1.1,36540
1.26,36251,37161,37478,37766,4826.45,1246.48,15.06,8826.25,1598.4,1807.8,190855,0.92,2.3,687.58,3.5,6.54,1.09,37214
1.43,37161,37478,37766,37260,4943.8,1260.64,15.45,8859.1,1571,1781.35,181320,0.9,2.3,680.48,3.44,6.51,1.11,37524
1.42,37478,37766,37260,36565,5011.5,1248.1,15.57,8626.9,1505.35,1784.85,166095,0.9,2.3,679.51,3.35,6.49,1.12,37052
1.47,37766,37260,36565,36540,5020.3,1228.86,15.45,8672.3,1473.65,1828.05,151985,0.9,2.3,677.63,3.38,6.5,1.12,35812
1.44,37260,36565,36540,37214,4901.9,1228.2,15.24,8406.17,1493.65,1803.05,146520,0.94,2.3,674.2,3.35,6.48,1.13,35558
1.4,36565,36540,37214,37524,4741.15,1229.58,15.12,8435.2,1499.5,1786.1,143330,1.1,2.3,677.78,3.36,6.48,1.14,35574
1.51,36540,37214,37524,37052,4798.35,1242.91,16.12,8829.75,1531.4,1831.52,146950,1.1,2.3,670.14,3.28,6.47,1.13,35658
1.5,37214,37524,37052,35812,4971.35,1241.08,16.8,9153.1,1611.2,1906.85,146450,1.1,2.3,663.74,3.25,6.47,1.13,35874
1.57,37524,37052,35812,35558,4982.7,1256.99,17.33,9217.55,1652.4,1895.25,151460,1.1,2.3,665.26,3.28,6.48,1.13,35618
1.51,37052,35812,35558,35574,4886.32,1284.45,17.4,9265.73,1609.65,1884.05,155802.5,1,2,665.9,3.31,6.49,1.15,36064
1.54,35812,35558,35574,35658,4674.15,1268.15,17.1,8652,1534.3,1862.2,159760,1,2,681.97,3.32,6.51,1.14,37134
1.63,35558,35574,35658,35874,4622.8,1263.37,16.83,8599.25,1534.2,1874.35,157390,1,2,693.24,3.32,6.53,1.12,37448
1.64,35574,35658,35874,35618,4654.75,1226.38,16.27,8335.5,1544.2,1853.2,155445,1,2,690.84,3.34,6.56,1.12,37792
1.62,35658,35874,35618,36064,4670.17,1217.27,16.05,8417.7,1541.58,1954.33,153202.5,1,1.94,689.21,3.35,6.57,1.12,38274
1.6,35874,35618,36064,37134,4563.05,1258.62,16.88,8770.6,1565.9,2044.65,200365,1,1.9,679.07,3.31,6.56,1.13,37916
1.5,35618,36064,37134,37448,4546.7,1287.15,17.38,8902.85,1604.5,2010.5,201600,1,1.9,686.09,3.32,6.59,1.13,37840
1.58,36064,37134,37448,37792,4690.2,1278.93,17.39,9143.65,1623.38,2022.3,192730,1,1.9,675.34,3.28,6.59,1.13,37466
1.5,37134,37448,37792,38274,4815.5,1323.3,18.44,9389.7,1624.85,2080.7,191900,0.96,1.88,666.3,3.29,6.64,1.11,37208
1.41,37448,37792,38274,37916,4755.95,1359.18,20.04,9858.85,1641.8,2109.95,210765,0.8,1.8,661.43,3.27,6.68,1.11,36752
1.4,37792,38274,37916,37840,4863.95,1340.3,20.23,10263.75,1657.35,2176.75,231320,0.8,1.8,656.53,3.28,6.69,1.11,36500
1.37,38274,37916,37840,37466,4944.2,1325.72,19.74,10536.6,1613.5,2235.75,226970,0.8,1.8,650.44,3.3,6.69,1.1,36748
1.32,37916,37840,37466,37208,4888.6,1332.1,19.97,10459.5,1598.3,2216.9,213535,0.8,1.8,660.51,3.35,6.66,1.11,36812
1.34,37840,37466,37208,36752,4840.6,1354.06,20.28,10662.25,1623.1,2265,208605,1.1,1.3,656.14,3.33,6.64,1.11,37488
1.35,37466,37208,36752,36500,4794.8,1339.02,19.86,10645.45,1635.85,2266.45,204300,1.1,1.3,649.56,3.31,6.64,1.11,37834
1.45,37208,36752,36500,36748,4779.5,1345.51,19.64,10290.55,1671.45,2271.85,209975,1.1,1.3,655.23,3.3,6.64,1.13,37820
1.5,36752,36500,36748,36812,4652.3,1328.3,18.67,9983.55,1641.1,2298.2,251920,1.1,1.3,668.79,3.35,6.65,1.13,37964
1.38,36500,36748,36812,37488,4607.3,1316.42,18.86,9821.4,1599.73,2332.42,295485,1.26,1.54,675.23,3.38,6.68,1.12,37454
1.35,36748,36812,37488,37834,4621.4,1337.16,19.58,10171.9,1569.1,2315.6,338385,1.5,1.9,666.8,3.36,6.67,1.12,38120
1.4,36812,37488,37834,37820,4699.35,1318.31,18.91,9791.75,1557,2229.9,351460,1.5,1.9,672.76,3.39,6.67,1.12,38918
1.39,37488,37834,37820,37964,4786.05,1327.27,19.53,10379,1592.4,2267.2,349660,1.5,1.9,665.42,3.36,6.67,1.12,42342
1.45,37834,37820,37964,37454,4812.45,1324.27,19.19,10527.95,1652.7,2330.9,371215,1.5,1.9,659.86,3.37,6.67,1.12,44880
1.49,37820,37964,37454,38120,4772,1271.64,17.81,10143.15,1667.95,2348.05,364075,1.6,2.1,664.27,3.39,6.67,1.12,46362
1.48,37964,37454,38120,38918,4751.75,1254.73,17.47,10441.45,1680.65,2254.05,348620,1.6,2.1,668.29,3.4,6.72,1.11,47092
1.51,37454,38120,38918,42342,4642,1262.96,17.54,10177.55,1627.05,2269,347955,1.6,2.1,666.9,3.38,6.75,1.1,47162
1.49,38120,38918,42342,44880,4737.35,1269.51,17.65,10241.35,1674.35,2346.5,334565,1.6,2.1,653.75,3.36,6.78,1.09,46768
1.44,38918,42342,44880,46362,4915.9,1293.29,18.28,10388.2,1727,2445.85,314980,1.68,2.26,651.75,3.37,6.76,1.11,45008
1.35,42342,44880,46362,47092,5365.15,1264.01,18.18,11299.5,1742.65,2472.25,283685,1.7,2.3,654.97,3.38,6.79,1.09,44638
1.32,44880,46362,47092,47162,5480.85,1219.82,16.83,11149.85,1719.7,2547.4,259075,1.7,2.3,674.03,3.41,6.87,1.07,45320
1.4,46362,47092,47162,46768,5716.6,1196.33,16.47,11455.85,1761.75,2664.45,240365,1.7,2.3,676.57,3.41,6.9,1.06,46388
1.48,47092,47162,46768,45008,5783,1180.58,16.56,11273.45,1726.15,2724.7,235050,1.86,2.22,673.49,3.4,6.89,1.06,46780
1.52,47162,46768,45008,44638,5840.65,1168.57,16.86,11399.4,1728.85,2723.2,224580,2.1,2.1,656.6,3.41,6.88,1.07,47208.33
1.54,46768,45008,44638,45320,5699.5,1144.97,16.55,11264.95,1740.7,2740.35,276045,2.1,2.1,659.2,3.39,6.92,1.05,46986.67
1.6,45008,44638,45320,46388,5487.1,1132.58,15.87,10698.7,1731.7,2596.5,339890,2.1,2.1,675.19,3.39,6.95,1.04,46880
1.66,44638,45320,46388,46780,5502.45,1144.24,15.93,10092.25,1712.45,2552.45,329460,2.1,2.1,670.91,3.36,6.95,1.05,48976
1.64,45320,46388,46780,47208.33,5550,1165.76,16.32,10072.1,1705.15,2567.6,306325,2.5,2.5,668.64,3.37,6.93,1.05,48254
1.59,46388,46780,47208.33,46986.67,5738.65,1190.36,16.71,10330.1,1771.45,2702.35,288785,2.5,2.5,666.17,3.37,6.92,1.06,47840
1.57,46780,47208.33,46986.67,46880,5751.75,1207.43,17.01,9993.7,1825.1,2740.15,276385,2.5,2.5,658.94,3.33,6.87,1.07,47010
1.55,47208.33,46986.67,46880,48976,5868.65,1201.11,17.03,9561.7,1839.35,2773.55,270115,2.5,2.5,650.77,3.29,6.87,1.07,47188
1.54,46986.67,46880,48976,48254,5875.1,1210.25,17.42,10045.45,1812.45,2825.95,260195,2.62,1.48,644.71,3.26,6.87,1.08,46900
1.54,46880,48976,48254,47840,5876.9,1234.32,17.74,10397.3,1832.95,2840.55,252325,2.7,0.8,643.82,3.27,6.87,1.07,46826
1.54,48976,48254,47840,47010,6016.75,1231.95,17.94,10854.8,1878.9,2870.25,238560,2.7,0.8,640.92,3.25,6.86,1.06,47356
1.51,48254,47840,47010,47188,5977.85,1243.3,18.1,10796.15,1877.2,2846.45,217940,2.7,0.8,642.45,3.24,6.87,1.06,46430
1.6,47840,47010,47188,46900,5943.45,1243.76,18.13,10911.05,1909.65,2802.2,201425,2.52,0.86,651.71,3.27,6.88,1.06,46024
1.64,47010,47188,46900,46826,5746.9,1210.84,17.28,10340.5,1864.45,2694.75,287710,2.4,0.9,662.21,3.29,6.9,1.06,46094
1.59,47188,46900,46826,47356,5844.9,1214.88,17.16,10158.4,1874.4,2783.75,336080,2.4,0.9,664.88,3.26,6.9,1.07,46159
1.6,46900,46826,47356,46430,5791.4,1242.68,17.54,9986.4,1917.35,2819,323285,2.4,0.9,660.17,3.24,6.88,1.08,44956
1.66,46826,47356,46430,46024,5844.75,1249.99,18.15,9929,1944.75,2797.55,302720,2.4,0.9,662.72,3.24,6.88,1.08,45146
1.72,47356,46430,46024,46094,5794.4,1253.84,18.19,10014.4,1940.1,2700.85,274680,2.2,1.2,657.34,3.24,6.89,1.07,45808
1.75,46430,46024,46094,46159,5666.98,1277.72,18.33,9764.68,1896.85,2582.45,259776.67,2.2,1.2,651.62,3.25,6.89,1.06,45478
1.68,46024,46094,46159,44956,5566.42,1283.74,18.14,9334.77,1900.2,2552.1,263153.33,2.2,1.2,648.68,3.24,6.88,1.07,45238
1.59,46094,46159,44956,45146,5674.05,1268.04,17.48,9269.7,1933.35,2601.2,261775,2.2,1.2,662.1,3.24,6.89,1.09,45760
1.51,46159,44956,45146,45808,5631.75,1241.07,16.52,9230.1,1910.38,2599.75,293560,1.9,1.5,669.43,3.25,6.9,1.09,45624
1.54,44956,45146,45808,45478,5496.65,1223.49,16.25,9185.3,1870.5,2583.95,339935,1.9,1.5,674.65,3.28,6.9,1.09,46712
1.61,45146,45808,45478,45238,5601.55,1245.51,16.74,9173.8,1921.5,2552.35,332850,1.9,1.5,669.2,3.26,6.88,1.11,46960
1.64,45808,45478,45238,45760,5678.1,1258.21,17.17,9150.2,1945.1,2629.65,325615,1.9,1.5,671.38,3.27,6.88,1.12,46900
1.61,45478,45238,45760,45624,5648.32,1268.32,17.38,8943.45,1927.5,2578.75,311365,1.78,1.5,672.54,3.27,6.83,1.12,47558
1.52,45238,45760,45624,46712,5651.75,1280.83,17.46,8823.95,1900.21,2460.85,291930,1.6,1.5,666.92,3.26,6.8,1.13,49028
1.46,45760,45624,46712,46960,5674.45,1259.87,16.79,8805.95,1869.55,2481.55,273000,1.6,1.5,662.79,3.27,6.8,1.12,50188
1.43,45624,46712,46960,46900,5710.95,1247.71,16.5,8934.4,1865.45,2624.5,260390,1.6,1.5,662.73,3.26,6.83,1.12,50360
1.48,46712,46960,46900,47558,5866.8,1245.21,16.63,9202,1889.4,2741.7,249380,1.6,1.5,663.27,3.24,6.8,1.13,50354
1.52,46960,46900,47558,49028,5843.2,1221.39,15.96,9105.05,1922.5,2789.85,299930,1.7,1.4,664.69,3.25,6.8,1.14,51438
1.53,46900,47558,49028,50188,5856.3,1219.23,15.79,9180.8,1890.55,2803.8,317960,1.7,1.4,662.44,3.25,6.79,1.14,52592
1.59,47558,49028,50188,50360,5954.05,1243.16,16.27,9560.6,1895.9,2758.6,308065,1.7,1.4,654.21,3.24,6.76,1.16,53060
1.62,49028,50188,50360,50354,6216.7,1258.46,16.57,9983.7,1904.35,2796.95,303335,1.7,1.4,649.54,3.24,6.75,1.17,51014
1.66,50188,50360,50354,51438,6329.05,1266,16.59,10251.7,1893.15,2785.1,298250,1.86,1.72,650.48,3.23,6.72,1.18,50476
1.62,50360,50354,51438,52592,6407.85,1274.03,16.75,10644.6,2010.35,2898.65,290260,1.9,1.8,648.37,3.24,6.68,1.18,50758
1.59,50354,51438,52592,53060,6423.3,1281.32,16.93,10602.2,2067.25,3024.9,278090,1.9,1.8,646.69,3.24,6.68,1.18,51990
1.62,51438,52592,53060,51014,6589.5,1288.57,17,11469.7,2089.95,3097.2,250560,1.9,1.8,638.8,3.23,6.66,1.18,53014
1.85,52592,53060,51014,50476,6757.25,1314.49,17.49,11683.25,2088.8,3119.17,228990,1.96,1.76,626.81,3.23,6.59,1.19,54944
1.68,53060,51014,50476,50758,6835.55,1340.33,17.91,11985.15,2080.8,3117.75,215420,2.2,1.6,619.52,3.23,6.51,1.19,55334
1.65,51014,50476,50758,51990,6556.9,1325.96,17.74,11400.1,2079.7,3042.15,250820,2.2,1.6,623.45,3.23,6.54,1.19,54186
1.66,50476,50758,51990,53014,6460.15,1301.28,17.1,10963.2,2117.7,3119.25,307540,2.2,1.6,624.08,3.24,6.58,1.2,53982
1.66,50758,51990,53014,54944,6410.6,1290.6,16.83,10363.3,2103.85,3174.65,301605,2.2,1.6,635.25,3.26,6.64,1.18,53226
1.58,51990,53014,54944,55334,6532.2,1272.16,16.62,10464.4,2124.05,3320.4,297120,2,1.9,632.62,3.26,6.65,1.17,53540
1.59,53014,54944,55334,54186,6759.55,1292.02,17.15,11183.9,2124.8,3316.6,287500,2,1.9,627.02,3.25,6.59,1.18,53264
1.64,54944,55334,54186,53982,6984.5,1285.93,17.07,11688,2119.2,3167.75,289490,2,1.9,623.5,3.23,6.61,1.18,52184
1.73,55334,54186,53982,53226,6946.05,1274.88,16.89,11763.7,2153.55,3240.9,278520,2,1.9,632.67,3.23,6.64,1.17,52126
1.77,54186,53982,53226,53540,6863.4,1273.21,16.91,12379,2154.67,3293.1,273235,2.12,1.78,634.54,3.24,6.62,1.16,53596
1.82,53982,53226,53540,53264,6817.4,1279.76,17.01,12484.4,2102.85,3239.65,263880,2.2,1.7,631.73,3.24,6.63,1.16,54754
1.75,53226,53540,53264,52184,6752.65,1281.88,17.08,11719.4,2081.52,3203.7,254355,2.2,1.7,629.63,3.24,6.63,1.18,54753
1.77,53540,53264,52184,52126,6903,1285.47,17.02,11749.5,2087.3,3239.3,226945,2.2,1.7,634.39,3.23,6.61,1.18,54506
1.75,53264,52184,52126,53596,6793.2,1285.16,16.65,11308.5,2070.8,3202.7,192930,2.18,1.72,643.28,3.23,6.61,1.19,53906
1.7,52184,52126,53596,54754,6579.6,1260.08,15.98,10949.5,2014.7,3121.65,191555,2.1,1.8,652.72,3.23,6.62,1.18,53272
1.68,52126,53596,54754,54753,6713.75,1249.6,15.88,11169.2,2013.5,3165.5,193285,2.1,1.8,645.82,3.25,6.61,1.18,53004
1.72,53596,54754,54753,54506,6981.15,1265.88,16.17,11907,2111.45,3218.05,200570,2.1,1.8,620.67,3.26,6.59,1.19,52236
1.79,54754,54753,54506,53906,7190.05,1288.38,16.66,12234,2239.05,3294.15,202075,2.1,1.8,616.81,3.23,6.54,1.19,51961
1.79,54753,54506,53906,53272,7133.98,1314.78,17.11,12529.2,2228.35,3367.7,201212.5,2.1,1.5,606.61,3.21,6.5,1.2,52440
1.83,54506,53906,53272,53004,7085.85,1321.75,17.03,12653.8,2165.6,3392.25,203410,2.1,1.5,605.93,3.21,6.5,1.2,52462
1.86,53906,53272,53004,52236,7048.5,1332.44,17.08,12547.95,2210.25,3433.55,205860,2.1,1.5,605.68,3.21,6.42,1.22,51700
1.91,53272,53004,52236,51961,7032.35,1346.15,17.24,13270.8,2241.25,3471.75,269050,2.1,1.5,603.47,3.21,6.36,1.24,51562
1.9,53004,52236,51961,52440,7042.1,1340.74,17.06,13603.5,2215,3579.7,306035,2.14,2.06,602.42,3.21,6.31,1.24,50624
1.78,52236,51961,52440,52462,6902.55,1323.23,16.47,13244.2,2168.15,3482.15,309825,2.2,2.9,601.45,3.25,6.29,1.23,49362
1.71,51961,52440,52462,51700,7037.5,1340.49,16.67,13700.3,2161.65,3537,333360,2.2,2.9,595.07,3.26,6.34,1.24,50484
1.77,52440,52462,51700,51562,7078.2,1331.96,16.53,13681.8,2212.35,3567.75,336085,2.2,2.9,593.12,3.24,6.34,1.23,50818
1.84,52462,51700,51562,50624,6941.6,1321.75,16.46,13647.1,2156.35,3467.95,329140,2.28,2.58,593.62,3.25,6.33,1.23,51174
1.91,51700,51562,50624,49362,6897.4,1324.79,16.51,13513.2,2104.05,3272.6,316840,2.4,2.1,601.81,3.25,6.33,1.23,51752
1.91,51562,50624,49362,50484,6899.15,1320.78,16.45,13675,2069.3,3249.5,320640,2.4,2.1,604.28,3.26,6.32,1.23,50988
1.99,50624,49362,50484,50818,6714.95,1327,16.38,13260.2,2051.45,3226.05,320180,2.4,2.1,607.99,3.24,6.32,1.23,50994
2.01,49362,50484,50818,51174,6636.43,1334.66,16.42,13098.73,2003.38,3285.13,378206.67,2.4,2.1,604.39,3.22,6.28,1.23,50996
1.97,50484,50818,51174,51752,6739.57,1333.24,16.39,13274.77,1981.32,3263.07,377548.33,2.5,1.8,603.73,3.22,6.3,1.23,51340
2.04,50818,51174,51752,50988,6838.9,1341.73,16.54,13686,2257.85,3172.5,365630,2.5,1.8,598.87,3.23,6.28,1.23,51242
2.07,51174,51752,50988,50994,6915.4,1344.56,16.97,14700.2,2467.4,3189,355565,2.5,1.8,595.58,3.21,6.28,1.24,52704
2.11,51752,50988,50994,50996,6905.1,1323.56,16.56,14045.5,2254.7,3160.2,345360,2.5,1.8,602.7,3.23,6.32,1.22,53422
2.1,50988,50994,50996,51340,6768.7,1310.17,16.33,13764.85,2296.4,3046.9,322435,2.74,1.8,616.84,3.25,6.35,1.2,52008
2.16,50994,50996,51340,51242,6804.68,1316.17,16.53,13880.7,2348.12,3058.2,293760,2.8,1.8,627.93,3.27,6.35,1.19,51346
2.22,50996,51340,51242,52704,6820.6,1295.57,16.38,14481.1,2310.4,3066.95,294765,2.8,1.8,631.55,3.27,6.37,1.18,50340
2.24,51340,51242,52704,53422,6871.8,1296.64,16.5,14697.7,2266.35,3051.5,298930,2.8,1.8,626.9,3.27,6.38,1.17,48930
2.16,51242,52704,53422,52008,6851.78,1297.67,16.41,15046.35,2277.73,3096.42,300340,2.82,1.82,628.52,3.27,6.41,1.16,48664
2.11,52704,53422,52008,51346,7186.85,1295.9,16.59,15498.35,2313.85,3201.2,309735,2.9,1.9,630.63,3.26,6.4,1.18,49570
2.08,53422,52008,51346,50340,7181.6,1295.29,16.89,15244.9,2271.15,3211.6,295385,2.9,1.9,635.07,3.27,6.41,1.17,49614
2.04,52008,51346,50340,48930,6829.4,1271.36,16.34,14887.2,2183.85,3025,302290,2.9,1.9,639,3.27,6.48,1.16,49510
2.11,51346,50340,48930,48664,6682.2,1255.35,16.13,14737.2,2167.15,2913.85,300035,2.9,1.9,645.68,3.27,6.59,1.16,48824
2.12,50340,48930,48664,49570,6404.45,1252.62,15.98,14165.2,2108.8,2795.2,282620,2.9,2.1,654.15,3.28,6.64,1.17,48562
2.11,48930,48664,49570,49614,6252.15,1248.69,15.92,13988,2103.45,2628.5,265625,2.9,2.1,650.06,3.27,6.66,1.17,48792
2.04,48664,49570,49614,49510,6113.3,1230.04,15.52,13433.9,2069.3,2575.3,257215,2.9,2.1,656.08,3.26,6.73,1.17,48081
2.13,49570,49614,49510,48824,6232.85,1225.3,15.44,13564.8,2053.15,2629.3,253400,2.9,2.1,650.52,3.27,6.79,1.17,48228
2.09,49614,49510,48824,48562,6187.7,1216.54,15.39,13578.25,2035.65,2640.85,252945,2.78,2.22,641.43,3.26,6.82,1.17,49424
2.04,49510,48824,48562,48792,6149.8,1210.89,15.35,13773,2052.3,2619.85,250650,2.7,2.3,647.17,3.26,6.84,1.15,50431
2,48824,48562,48792,48081,5936.35,1184.56,14.76,13231.3,2026.6,2393.1,256630,2.7,2.3,665.68,3.3,6.89,1.14,50300
2.05,48562,48792,48081,48228,6003.6,1194.36,14.69,13385.7,2045.3,2458.75,263475,2.7,2.3,664.75,3.29,6.84,1.16,50520
2.11,48792,48081,48228,49424,6070.35,1204.01,14.65,13275.7,2112.23,2507.4,267005,2.7,2.3,669.84,3.29,6.82,1.17,50406
1.99,48081,48228,49424,50431,5882.85,1196.99,14.21,12412.4,2032.95,2438.5,257600,2.3,2.5,687.36,3.31,6.83,1.16,50132
1.99,48228,49424,50431,50300,5936.15,1198.98,14.14,12422,2024.4,2340,231420,2.3,2.5,690.06,3.32,6.86,1.16,49364
2.01,49424,50431,50300,50520,6107,1201.87,14.23,12519.6,2013.2,2397.15,217055,2.3,2.5,676.19,3.3,6.85,1.17,49670
2.07,50431,50300,50520,50406,6277.05,1193.54,14.36,12687.4,2035.3,2563.05,210095,2.3,2.5,663.83,3.3,6.87,1.17,49166
2.12,50300,50520,50406,50132,6252.85,1198.38,14.59,12489.1,2133.3,2682.5,193130,2.5,2.5,666.78,3.31,6.87,1.15,49732
2.01,50520,50406,50132,49364,6260.55,1202.52,14.42,12642.6,2039.75,2663.95,174005,2.5,2.5,681.98,3.32,6.92,1.15,49520
1.93,50406,50132,49364,49670,6221.35,1224.86,14.61,12427.8,2014.3,2665.2,159805,2.5,2.5,674.72,3.33,6.92,1.15,49770
1.84,50132,49364,49670,49166,6217.05,1230.28,14.64,12157.1,1981.85,2708.8,150695,2.5,2.5,685.67,3.33,6.94,1.14,49344
1.77,49364,49670,49166,49732,6142.6,1226.67,14.52,11676.1,1950.85,2606.2,147410,2.38,2.38,691.07,3.36,6.94,1.14,48678
1.66,49670,49166,49732,49520,6162.5,1223.51,14.45,11645.1,1957.65,2555.6,174185,2.2,2.2,679.28,3.36,6.93,1.14,48254
1.58,49166,49732,49520,49770,6138.25,1209.42,14.15,11256.4,1921.15,2601.8,166440,2.2,2.2,680.79,3.37,6.95,1.13,47740
1.49,49732,49520,49770,49344,6258.05,1224.14,14.38,10967.55,1932.75,2658,144605,2.2,2.2,669.83,3.37,6.94,1.14,47486
1.43,49520,49770,49344,48678,6218.95,1220.82,14.21,10869.9,1935.95,2566.4,136940,2.2,2.2,673.56,3.37,6.95,1.13,47398
1.45,49770,49344,48678,48254,6185.7,1238.24,14.48,11008.4,1960.55,2706.9,128395,1.9,1.9,672.3,3.37,6.86,1.14,47456
1.44,49344,48678,48254,47740,6138,1242.43,14.61,10788.6,1920.05,2632,120980,1.9,1.9,680.94,3.35,6.89,1.14,47682
1.36,48678,48254,47740,47486,5995.15,1250.58,14.63,10831.2,1922.1,2583.3,126020,1.9,1.9,690.53,3.35,6.89,1.14,47970
1.3,48254,47740,47486,47398,5957.7,1272.38,15.01,10719,1873.05,2533.4,130025,1.9,1.9,692.41,3.36,6.88,1.14,48098
1.33,47740,47486,47398,47456,5852.6,1285.51,15.56,10786.35,1841.98,2489.35,132265,1.66,1.74,691.34,3.36,6.87,1.14,49184
1.39,47486,47398,47456,47682,5911.05,1288.17,15.61,11197.1,1839.65,2518.6,132935,1.6,1.7,677.39,3.34,6.81,1.15,49950
1.41,47398,47456,47682,47970,5937.1,1289.4,15.51,11579.2,1833.35,2517.85,134480,1.6,1.7,671.65,3.32,6.77,1.14,50018
1.4,47456,47682,47970,48098,5941.3,1286.25,15.38,11698.9,1879.6,2628.8,145515,1.6,1.7,671.66,3.33,6.78,1.14,49788
1.37,47682,47970,48098,49184,6079.75,1314.55,15.89,12218.8,1872.55,2712.45,148465,1.58,1.66,662.01,3.34,6.72,1.14,50146
1.44,47970,48098,49184,49950,6209.35,1311.46,15.76,12885.85,1880.8,2735.9,149570,1.5,1.5,654.71,3.32,6.74,1.14,49444
1.48,48098,49184,49950,50018,6136.25,1311.54,15.64,12299.65,1833.4,2615.5,146680,1.5,1.5,662.08,3.33,6.77,1.13,49367
1.59,49184,49950,50018,49788,6403.7,1331.23,15.89,12694.4,1855.55,2701.3,138120,1.5,1.5,654.78,3.32,6.74,1.13,49346
1.62,49950,50018,49788,50146,6534.5,1316.36,15.65,12965.6,1889.7,2782.55,130205,1.58,1.66,652.36,3.3,6.69,1.14,49540
1.78,50018,49788,50146,49444,6478.5,1288.55,15.1,13282.1,1845.5,2767.05,119140,1.9,2.3,662.95,3.3,6.71,1.13,49214
1.84,49788,50146,49444,49367,6459.25,1300.15,15.32,12916.75,1859.45,2853.4,133815,1.9,2.3,668.84,3.3,6.71,1.13,48688
1.91,50146,49444,49367,49346,6431.6,1308.87,15.4,12981.8,1896.9,2855.8,179215,1.9,2.3,667.94,3.29,6.71,1.13,48046
1.92,49444,49367,49346,49540,6371.4,1305.7,15.26,12906.8,1877.9,2931.95,171055,1.9,2.3,680.4,3.31,6.72,1.13,47754
1.94,49367,49346,49540,49214,6436.9,1290.64,15.11,13078.2,1869.25,2972.9,180105,2,2.5,667.58,3.3,6.72,1.12,47414
2.03,49346,49540,49214,48688,6447.7,1298.4,15.1,13036.95,1843.75,2959.3,196040,2,2.5,662.82,3.29,6.71,1.13,46968
2.05,49540,49214,48688,48046,6471.47,1277.68,14.98,12734.13,1845.12,2905.43,190208.33,2,2.5,661.49,3.29,6.7,1.13,46328
2.12,49214,48688,48046,47754,6402.53,1277.06,14.95,12328.17,1844.98,2858.67,190746.67,2,2.5,670.66,3.32,6.72,1.12,46570
2.06,48688,48046,47754,47414,6289.95,1277.85,14.8,12155.2,1793.95,2885.9,229510,1.88,2.62,678.2,3.3,6.73,1.12,46680
1.98,48046,47754,47414,46968,6138.9,1283.1,14.81,11916.75,1774.75,2771,223180,1.8,2.7,683.5,3.31,6.79,1.12,47100
2.01,47754,47414,46968,46328,6028.25,1291.42,14.65,12005.4,1810.65,2743.25,195785,1.8,2.7,693.36,3.32,6.89,1.12,46722
1.97,47414,46968,46328,46570,5939.15,1278.56,14.48,12052.1,1761.9,2705.15,187595,1.8,2.7,695.5,3.34,6.91,1.12,46261
1.91,46968,46328,46570,46680,5871.9,1287.46,14.48,12089.6,1769.85,2702.6,196145,1.8,2.7,705.82,3.35,6.9,1.12,47072
1.72,46328,46570,46680,47100,5804.25,1330.94,14.85,11673.2,1747.2,2611,211770,1.6,2.7,694.78,3.34,6.91,1.13,47250
1.73,46570,46680,47100,46722,5833.8,1334.3,14.79,11736.4,1748.25,2611.1,226890,1.6,2.7,696.36,3.33,6.92,1.13,46900
1.76,46680,47100,46722,46261,5911.6,1366.53,15.15,11965.65,1747.25,2585.7,248715,1.6,2.7,690.48,3.32,6.89,1.13,46334
1.92,47100,46722,46261,47072,5979.25,1414.18,15.32,12400.5,1781.1,2597.1,242375,1.6,2.7,679.39,3.29,6.87,1.14,46566
1.91,46722,46261,47072,47250,5902.85,1407.85,15.2,12246,1771.95,2479.5,265565,1.8,2.8,680.02,3.29,6.87,1.13,46506
1.96,46261,47072,47250,46900,5897.4,1406.07,15.13,12946.6,1807.95,2402.85,293210,1.8,2.8,684.16,3.28,6.88,1.13,46528
1.87,47072,47250,46900,46334,5993.95,1423.84,15.89,14303,1828.9,2457.3,294565,1.8,2.8,682.43,3.28,6.88,1.12,46868
1.86,47250,46900,46334,46566,5969.85,1420.25,16.43,14198,1790.2,2435.1,294740,1.8,2.8,692.23,3.29,6.88,1.11,47486
1.84,46900,46334,46566,46506,5881.2,1431.15,16.36,14424.6,1765.95,2426.8,290070,1.76,2.8,703.38,3.31,6.9,1.11,47586
1.67,46334,46566,46506,46528,5700.85,1488.04,16.77,15196.2,1733.95,2276.1,276690,1.7,2.8,713.67,3.38,7.04,1.12,47238
1.68,46566,46506,46528,46868,5741.2,1513.17,17.12,16017.8,1749.2,2267.2,290285,1.7,2.8,709.12,3.39,7.04,1.11,47246.67
1.67,46506,46528,46868,47486,5681.7,1506.37,17.12,15822.3,1749.9,2251.1,329895,1.7,2.8,713.49,3.38,7.07,1.11,47013.33
1.65,46528,46868,47486,47586,5662.75,1531.37,18.16,16447.4,1727.85,2255.25,334970,1.7,2.8,721.28,3.39,7.15,1.11,46950
1.53,46868,47486,47586,47238,5707.3,1530.79,18.81,17882.8,1742.7,2296.95,324280,1.7,3,719.68,3.38,7.15,1.1,47260
1.57,47486,47586,47238,47246.67,5815.55,1493.86,17.91,18028.8,1782.75,2348.2,304480,1.7,3,711.41,3.33,7.1,1.1,47326
1.69,47586,47238,47246.67,47013.33,5788.95,1502,17.86,17394.8,1765.45,2334.15,295000,1.7,3,714.53,3.35,7.09,1.1,47272
1.65,47238,47246.67,47013.33,46950,5738,1511.88,18.09,17408.7,1733.55,2327.55,275725,1.7,3,724.6,3.36,7.12,1.09,47121
1.57,47246.67,47013.33,46950,47260,5645.95,1492.18,17.37,17594.8,1704.4,2357.7,271190,1.78,3.64,722.38,3.38,7.15,1.1,47094
1.6,47013.33,46950,47260,47326,5698.07,1497.31,17.58,17704.5,1737.2,2367.3,284000,1.8,3.8,719.04,3.37,7.13,1.1,47324
1.62,46950,47260,47326,47272,5744.6,1489.23,17.5,16599.2,1721.6,2465.55,274280,1.8,3.8,713.11,3.35,7.08,1.11,47318
1.64,47260,47326,47272,47121,5844.95,1494.4,17.69,16551.7,1718.15,2518.55,266870,1.8,3.8,724.96,3.34,7.07,1.11,48676
1.66,47326,47272,47121,47094,5854.45,1500.5,17.94,16766,1756.5,2570.4,259030,1.86,3.94,734.03,3.34,7.05,1.11,48988
1.65,47272,47121,47094,47324,5906.7,1482.08,17.41,16273.9,1819.2,2544.4,243180,2.1,4.5,743.25,3.34,7,1.11,49188
1.62,47121,47094,47324,47318,5825.35,1462.89,16.89,15347.4,1764.3,2472.2,226895,2.1,4.5,781.68,3.38,7.01,1.1,49133
1.65,47094,47324,47318,48676,5834.95,1468.22,17.07,14561.5,1744.65,2343.25,220575,2.1,4.5,789.23,3.38,7.03,1.11,48790
1.66,47324,47318,48676,48988,5879.4,1458.02,16.96,14179,1767.8,2310.95,212465,2.1,4.5,807.52,3.39,7.03,1.1,48966
1.6,47318,48676,48988,49188,5866.05,1469.95,16.87,13342.8,1775.6,2243,201990,2.3,4.5,789.97,3.38,7.04,1.11,48292
1.65,48676,48988,49188,49133,6096,1469.08,16.79,13711.2,1756.17,2239.75,181070,2.3,4.5,770.57,3.38,7.01,1.11,46380
1.69,48988,49188,49133,48790,6169.65,1476.77,17.04,14088.8,1764.3,2312.2,160495,2.3,4.5,755.5,3.33,7,1.11,45406
1.73,49188,49133,48790,48966,6182.82,1502.45,17.73,14232.15,1790.32,2291.7,148962.5,2.3,4.5,748.93,3.31,7,1.11,45492
1.72,49133,48790,48966,48292,6153.75,1527.23,17.92,14027.05,1785.27,2307.27,145442.5,2.42,5.04,752.65,3.31,6.97,1.12,46002
1.69,48790,48966,48292,46380,6143.82,1561.98,18.11,13939.6,1781.85,2377.9,138150,2.5,5.4,767.99,3.32,6.94,1.11,45338
1.65,48966,48292,46380,45406,6257.2,1551.88,17.93,13912.9,1784.25,2412.5,127635,2.5,5.4,773.4,3.32,6.88,1.11,45010
1.59,48292,46380,45406,45492,6058.25,1562.3,17.9,13446.1,1794.15,2412.5,172590,2.5,5.4,773.16,3.32,6.91,1.11,43594
1.5,46380,45406,45492,46002,5624.55,1577.86,17.77,12556.3,1727.85,2227.35,183930,2.5,5.4,792.05,3.35,6.94,1.1,40596
1.48,45406,45492,46002,45338,5634.4,1564.43,17.67,12826.4,1683.8,2178.35,176205,2.3,5.2,783.57,3.37,6.99,1.1,38284
1.55,45492,46002,45338,45010,5730.2,1573,17.65,12995.2,1702.73,2141,167150,2.3,5.2,792,3.38,6.98,1.09,39392
1.64,46002,45338,45010,43594,5748.55,1611.2,18.23,12703.5,1689.7,2119.1,164515,2.3,5.2,799,3.38,7,1.08,40843
1.48,45338,45010,43594,40596,5637.85,1633,17.78,12337.1,1676.15,2014.5,196260,2.3,5.2,812.22,3.42,7.01,1.09,42036
1.51,45010,43594,40596,38284,5647.05,1642.24,17.18,12675,1698.5,1976.7,207660,1.5,4.3,818.83,3.44,6.94,1.12,42024
1.04,43594,40596,38284,39392,5494.1,1613.71,16.23,12331.4,1661.82,1959.45,189085,1.5,4.3,840.59,3.51,6.98,1.13,42911
0.66,40596,38284,39392,40843,4951.9,1499.53,12.43,11446.2,1616.55,1858.2,218420,1.5,4.3,859.12,3.55,7.05,1.09,43131
0.5,38284,39392,40843,42036,4770.68,1609.12,14.16,11131.1,1513,1830,225360,1.5,4.3,842.46,3.47,7.08,1.09,43538
0.61,39392,40843,42036,42024,4837.6,1603.03,14.16,11270.64,1472.16,1873.25,220955,0.78,3.7,858.23,3.44,7.09,1.09,43992
0.68,40843,42036,42024,42911,4970.59,1665.5,15.14,11453.45,1436.66,1898.72,242875,0.3,3.3,846.13,3.37,7.05,1.09,44104
0.71,42036,42024,42911,43131,5118.35,1711.18,15.46,11777.17,1466.53,1920.13,261455,0.3,3.3,850.95,3.4,7.06,1.09,44970
0.62,42024,42911,43131,43538,5104.65,1710.27,15.12,12160.75,1469.03,1891.3,263805,0.3,3.3,857.29,3.38,7.08,1.08,46702
0.7,42911,43131,43538,43992,5168.05,1702.33,15.09,12132.05,1461.97,1919.4,255180,0.26,3.12,840.09,3.38,7.07,1.09,47128
0.9,43131,43538,43992,44104,5175.15,1701.51,15.06,12085.5,1445.55,1955.95,245855,0.1,2.4,834.93,3.4,7.07,1.08,48230
0.92,43538,43992,44104,44970,5194.38,1716.93,15.78,12106.45,1443.02,1985.35,251975,0.1,2.4,822.33,3.43,7.09,1.08,49264
1.04,43992,44104,44970,46702,5331.91,1736.53,17.23,12413.35,1476.48,2017.35,273575,0.1,2.4,810.19,3.42,7.11,1.09,50040
1.02,44104,44970,46702,47128,5301.05,1718.56,17.33,12198.15,1504.72,1964.45,266775,0.1,2.4,807.37,3.44,7.14,1.1,52242
1.13,44970,46702,47128,48230,5529.17,1711.58,17.82,12753.55,1536.29,2027.41,250880,0.6,2.5,778.1,3.42,7.11,1.12,51994
1.17,46702,47128,48230,49264,5764.4,1721.01,17.68,12788.07,1580.46,2003.15,234820,0.6,2.5,778.59,3.44,7.07,1.13,51914
1.23,47128,48230,49264,50040,5746.2,1727.88,17.44,12799,1575.21,2019.63,244005,0.6,2.5,800.05,3.49,7.09,1.12,51450
1.23,48230,49264,50040,52242,5889.25,1763.09,17.72,12555.75,1571.5,2044.75,227045,0.6,2.5,817.26,3.51,7.07,1.13,50384
1.22,49264,50040,52242,51994,6020.25,1774.48,17.99,12828.3,1595.45,2033.3,213320,0.84,2.62,810.04,3.53,7.07,1.12,51682
1.27,50040,52242,51994,51914,6253.83,1797.63,18.51,13363.85,1626.27,2110.52,190395,1,2.7,790.74,3.52,7,1.13,51526
1.25,52242,51994,51914,51450,6469.6,1804.89,19.23,13461.55,1644.12,2203.85,165635,1,2.7,786.44,3.5,7,1.14,52026
1.27,51994,51914,51450,50384,6508.39,1863.51,21.91,13395.1,1654.05,2216.3,145590,1,2.7,773.4,3.51,7,1.16,52258
1.24,51914,51450,50384,51682,6452.45,1960.1,24.21,13704.9,1679.9,2269.33,132260,1,2.7,761.5,3.51,7,1.18,52140
1.22,51450,50384,51682,51526,6446.9,2026.22,26.9,14224.55,1730.37,2366,122635,1.3,2.4,773,3.54,6.96,1.18,51604
1.23,50384,51682,51526,52026,6370.25,1950.12,26.59,14220.34,1737.67,2372.24,114130,1.3,2.4,796.13,3.57,6.95,1.18,51247.71
1.28,51682,51526,52026,52258,6571.95,1960.46,27.13,14617.7,1738.37,2448.6,106330,1.3,2.4,792.67,3.57,6.92,1.19,51504.29
1.35,51526,52026,52258,52140,6606.65,1941.47,26.89,15088.4,1742.62,2453.35,93115,1.3,2.4,784.07,3.57,6.89,1.18,51626
1.22,52026,52258,52140,51604,6685.12,1948.38,27.43,15383.35,1759.65,2497.05,85825,1.38,1.84,773.06,3.54,6.84,1.19,52038
1.11,52258,52140,51604,51247.71,6744.95,1938.32,26.81,14940.8,1749.54,2420.49,75810,1.4,1.7,771.11,3.55,6.83,1.18,51726
1.18,52140,51604,51247.71,51504.29,6808.93,1952.59,27.04,15086.35,1752.5,2491.05,77995,1.4,1.7,762.49,3.54,6.77,1.18,51620
1.19,51604,51247.71,51504.29,51626,6642.88,1880.43,23.57,14375.3,1721.1,2396.25,76790,1.4,1.7,780.94,3.57,6.81,1.17,52124
1.18,51247.71,51504.29,51626,52038,6544.6,1893.65,23.71,14408.4,1731.6,2367.43,146030,1.32,1.22,785.79,3.6,6.79,1.17,53216
1.21,51504.29,51626,52038,51726,6628,1900.25,24.03,14689.85,1772.93,2350.72,156215,1.2,0.5,796.82,3.58,6.72,1.18,54890
1.18,51626,52038,51726,51620,6714.84,1904.51,24.38,15277.3,1843.83,2410.6,165965,1.2,0.5,798.29,3.58,6.73,1.17,57448
1.16,52038,51726,51620,52124,6874.95,1908.08,24.67,15783.85,1830.73,2530.5,181930,1.2,0.5,782.2,3.6,6.68,1.18,57418
1.09,51726,51620,52124,53216,6738.68,1886.24,23.77,15565.35,1812.16,2523.65,174925,1.2,0.5,773.16,3.61,6.71,1.17,58154
1.09,51620,52124,53216,54890,6833.25,1921.1,24.62,15319.98,1889.57,2578.93,172430,1.2,-0.5,757.4,3.6,6.65,1.17,58320